{"accuracy": 0.9999149008595013, "precision": 0.9999519207654214, "recall": 0.9999038461538462, "f1_score": 0.9999278828818}